{"cameraMode":{"drawMode":0,"name":"Shaded","section":"Shading Mode"},"sceneLighting":false,"audioPlay":false,"sceneViewState":{"showFog":true,"showMaterialUpdate":false,"showSkybox":false,"showFlares":true,"showImageEffects":true,"showParticleSystems":true},"in2DMode":false,"pivot":{"x":-0.22399985790252686,"y":-0.0820472240447998,"z":0.5855029821395874},"rotation":{"x":0.24221312999725343,"y":-0.25540870428085329,"z":0.06625077873468399,"w":0.9337362051010132},"size":2.9334521293640138,"orthographic":false}