{"cameraMode":{"drawMode":0,"name":"Shaded","section":"Shading Mode"},"sceneLighting":false,"audioPlay":false,"sceneViewState":{"showFog":true,"showMaterialUpdate":false,"showSkybox":false,"showFlares":true,"showImageEffects":true,"showParticleSystems":true},"in2DMode":false,"pivot":{"x":0.028796762228012086,"y":0.38929104804992678,"z":-0.042423367500305179},"rotation":{"x":0.3119857609272003,"y":0.47447624802589419,"z":-0.18440526723861695,"w":0.8023488521575928},"size":2.3386619091033937,"orthographic":false}