{"cameraMode":{"drawMode":0,"name":"Shaded","section":"Shading Mode"},"sceneLighting":false,"audioPlay":false,"sceneViewState":{"showFog":true,"showMaterialUpdate":false,"showSkybox":false,"showFlares":true,"showImageEffects":true,"showParticleSystems":true},"in2DMode":false,"pivot":{"x":23.352020263671876,"y":-14.745050430297852,"z":4.131324768066406},"rotation":{"x":0.2240944504737854,"y":0.5307998657226563,"z":-0.1479022055864334,"w":0.803978681564331},"size":46.66904830932617,"orthographic":false}